{"colorR":180,"colorG":175,"colorB":204,"id":"ramo","color":{"opaque":true,"green":0.686274528503418,"blue":0.800000011920929,"red":0.7058823704719543,"opacity":1.0,"hue":250.3448275862069,"saturation":0.14215685215358656,"brightness":0.800000011920929},"fin":{"y":169,"x":339},"inicio":{"y":147,"x":145},"alto":22,"ancho":194,"contenido":null}