{"colorR":21,"colorG":1,"colorB":248,"id":"ejercicio","color":{"opaque":true,"green":0.003921568859368563,"blue":0.9725490212440491,"red":0.08235294371843338,"opacity":1.0,"hue":244.8582997311902,"saturation":0.9959677417038041,"brightness":0.9725490212440491},"fin":{"y":188,"x":315},"inicio":{"y":174,"x":169},"alto":14,"ancho":146,"contenido":null}