{"colorR":123,"colorG":59,"colorB":202,"id":"13236","color":{"opaque":true,"green":0.23137255012989044,"opacity":1.0,"red":0.48235294222831726,"blue":0.7921568751335144,"saturation":0.7079207952453942,"brightness":0.7921568751335144,"hue":266.8531463068414},"inicio":{"y":359,"x":424},"fin":{"y":425,"x":800},"ancho":376,"alto":66,"contenido":null}